WELEV00L02_HHALL00102,WELEV00L02,HHALL00102
HHALL00102_HHALL00202,HHALL00102,HHALL00202
HHALL00202_HRETL00102,HHALL00202,HRETL00102
HHALL00202_HHALL00302,HHALL00202,HHALL00302
HHALL00302_HSTAI00102,HHALL00302,HSTAI00102
HHALL00302_WHALL00302,HHALL00302,WHALL00302
HHALL00102_HHALL00402,HHALL00102,HHALL00402
HHALL00402_HHALL00502,HHALL00402,HHALL00502
HHALL00502_HRETL00202,HHALL00502,HRETL00202
HRETL00202_HBATH00102,HRETL00202,HBATH00102
HHALL00502_HRETL00302,HHALL00502,HRETL00302
HHALL00502_HHALL00602,HHALL00502,HHALL00602
HHALL00602_HHALL00702,HHALL00602,HHALL00702
HHALL00702_HSTAI00202,HHALL00702,HSTAI00202
HHALL00702_HHALL00802,HHALL00702,HHALL00802
HHALL00802_HSTAI00302,HHALL00802,HSTAI00302
HHALL00802_HHALL00902,HHALL00802,HHALL00902
HHALL00902_WHALL00702,HHALL00902,WHALL00702
HHALL00902_WELEV00M02,HHALL00902,WELEV00M02
WELEV00M02_HHALL01002,WELEV00M02,HHALL01002
HHALL01002_HDEPT00102,HHALL01002,HDEPT00102
HHALL01002_WHALL00502,HHALL01002,WHALL00502
WHALL00103_WELEV00M03,WHALL00103,WELEV00M03
WELEV00M03_HHALL00503,WELEV00M03,HHALL00503
HHALL00503_HSTAI00103,HHALL00503,HSTAI00103
HHALL00503_HHALL00403,HHALL00503,HHALL00403
HHALL00403_HHALL00303,HHALL00403,HHALL00303
HHALL00303_HHALL00203,HHALL00303,HHALL00203
HHALL00203_HLABS00103,HHALL00203,HLABS00103
HHALL00303_HHALL00103,HHALL00303,HHALL00103
WELEV00L03_HHALL00603,WELEV00L03,HHALL00603
HHALL00603_HHALL00703,HHALL00603,HHALL00703
HHALL00703_HDEPT00103,HHALL00703,HDEPT00103
HHALL00703_HHALL00803,HHALL00703,HHALL00803
HHALL00803_HSERV00103,HHALL00803,HSERV00103
HHALL00803_HHALL00903,HHALL00803,HHALL00903
HHALL00903_HHALL01003,HHALL00903,HHALL01003
HHALL01003_HBATH00103,HHALL01003,HBATH00103
HHALL00903_HHALL01103,HHALL00903,HHALL01103
HHALL01103_HDEPT00203,HHALL01103,HDEPT00203
HHALL01103_HHALL01203,HHALL01103,HHALL01203
HHALL01203_HHALL01303,HHALL01203,HHALL01303
HHALL01303_HHALL01403,HHALL01303,HHALL01403
HHALL01403_HHALL01503,HHALL01403,HHALL01503
HHALL01503_HBATH00203,HHALL01503,HBATH00203
HHALL01503_HHALL00603,HHALL01503,HHALL00603
WELEV00E01_WELEV00E02,WELEV00E01,WELEV00E02
WELEV00F01_WELEV00F02,WELEV00F01,WELEV00F02
WELEV00G01_WELEV00G02,WELEV00G01,WELEV00G02
WELEV00HL1_WELEV00H01,WELEV00HL1,WELEV00H01
WELEV00HL1_WELEV00H02,WELEV00HL1,WELEV00H02
WELEV00HL1_WELEV00H03,WELEV00HL1,WELEV00H03
WELEV00H01_WELEV00H02,WELEV00H01,WELEV00H02
WELEV00H01_WELEV00H03,WELEV00H01,WELEV00H03
WELEV00H02_WELEV00H03,WELEV00H02,WELEV00H03
WELEV00JL2_WELEV00JL1,WELEV00JL2,WELEV00JL1
WELEV00JL2_WELEV00J01,WELEV00JL2,WELEV00J01
WELEV00JL2_WELEV00J02,WELEV00JL2,WELEV00J02
WELEV00JL2_WELEV00J03,WELEV00JL2,WELEV00J03
WELEV00JL1_WELEV00J01,WELEV00JL1,WELEV00J01
WELEV00JL1_WELEV00J02,WELEV00JL1,WELEV00J02
WELEV00JL1_WELEV00J03,WELEV00JL1,WELEV00J03
WELEV00J01_WELEV00J02,WELEV00J01,WELEV00J02
WELEV00J01_WELEV00J03,WELEV00J01,WELEV00J03
WELEV00J02_WELEV00J03,WELEV00J02,WELEV00J03
WELEV00KL2_WELEV00KL1,WELEV00KL2,WELEV00KL1
WELEV00KL2_WELEV00K01,WELEV00KL2,WELEV00K01
WELEV00KL2_WELEV00K02,WELEV00KL2,WELEV00K02
WELEV00KL2_WELEV00K03,WELEV00KL2,WELEV00K03
WELEV00KL1_WELEV00K01,WELEV00KL1,WELEV00K01
WELEV00KL1_WELEV00K02,WELEV00KL1,WELEV00K02
WELEV00KL1_WELEV00K03,WELEV00KL1,WELEV00K03
WELEV00K01_WELEV00K02,WELEV00K01,WELEV00K02
WELEV00K01_WELEV00K03,WELEV00K01,WELEV00K03
WELEV00K02_WELEV00K03,WELEV00K02,WELEV00K03
WELEV00LL2_WELEV00LL1,WELEV00LL2,WELEV00LL1
WELEV00LL2_WELEV00L01,WELEV00LL2,WELEV00L01
WELEV00LL2_WELEV00L02,WELEV00LL2,WELEV00L02
WELEV00LL2_WELEV00L03,WELEV00LL2,WELEV00L03
WELEV00LL1_WELEV00L01,WELEV00LL1,WELEV00L01
WELEV00LL1_WELEV00L02,WELEV00LL1,WELEV00L02
WELEV00LL1_WELEV00L03,WELEV00LL1,WELEV00L03
WELEV00L01_WELEV00L02,WELEV00L01,WELEV00L02
WELEV00L01_WELEV00L03,WELEV00L01,WELEV00L03
WELEV00L02_WELEV00L03,WELEV00L02,WELEV00L03
WELEV00ML2_WELEV00ML1,WELEV00ML2,WELEV00ML1
WELEV00ML2_WELEV00M01,WELEV00ML2,WELEV00M01
WELEV00ML2_WELEV00M02,WELEV00ML2,WELEV00M02
WELEV00ML2_WELEV00M03,WELEV00ML2,WELEV00M03
WELEV00ML1_WELEV00M01,WELEV00ML1,WELEV00M01
WELEV00ML1_WELEV00M02,WELEV00ML1,WELEV00M02
WELEV00ML1_WELEV00M03,WELEV00ML1,WELEV00M03
WELEV00M01_WELEV00M02,WELEV00M01,WELEV00M02
WELEV00M01_WELEV00M03,WELEV00M01,WELEV00M03
WELEV00M02_WELEV00M03,WELEV00M02,WELEV00M03
WHALL001L2_WHALL002L2,WHALL001L2,WHALL002L2
WHALL00101_WHALL00201,WHALL00101,WHALL00201
WHALL00103_WHALL00203,WHALL00103,WHALL00203
WHALL00102_WHALL00202,WHALL00102,WHALL00202
WHALL00302_WHALL00402,WHALL00302,WHALL00402
WHALL00502_WHALL00602,WHALL00502,WHALL00602
WHALL00702_WHALL00802,WHALL00702,WHALL00802
WHALL00902_WHALL01002,WHALL00902,WHALL01002
1111111111_HHALL00802,1111111111,HHALL00802
HHALL00802_1111111111,HHALL00802,1111111111
1111111111_HHALL00702,1111111111,HHALL00702
HHALL00702_1111111111,HHALL00702,1111111111
1111111111_HSTAI00302,1111111111,HSTAI00302
HSTAI00302_1111111111,HSTAI00302,1111111111
